{
    "final_train_loss": 0.5654792179281894,
    "best_val_loss": 0.468295714029899,
    "epochs_trained": 14,
    "accuracy": 76.13636363636364,
    "auc": 0.8726756198347108
}