{
    "final_train_loss": 0.6886894203149355,
    "best_val_loss": 0.6817376705316397,
    "epochs_trained": 12,
    "accuracy": 51.13636363636363,
    "auc": 0.5271177685950414
}