{
    "final_train_loss": 0.6805147290229797,
    "best_val_loss": 0.6685423530065097,
    "epochs_trained": 10,
    "accuracy": 73.29545454545455,
    "auc": 0.8220557851239668
}