{
    "final_train_loss": 0.6794548745338733,
    "best_val_loss": 0.6718510481027457,
    "epochs_trained": 6,
    "accuracy": 76.13636363636364,
    "auc": 0.8106921487603306
}