{
    "dataset": "pneumoniamnist",
    "final_train_loss": 0.4153144831955433,
    "best_val_loss": 0.29949896092362266,
    "epochs_trained": 25,
    "accuracy": 84.61538461538461,
    "auc": 0.9188034188034189
}