{
    "dataset": "retinamnist",
    "final_train_loss": 0.5890510927026088,
    "best_val_loss": 0.45345370127604556,
    "epochs_trained": 19,
    "accuracy": 76.13636363636364,
    "auc": 0.8681559917355371
}