{
    "final_train_loss": 0.6792290829695188,
    "best_val_loss": 0.6724920593775235,
    "epochs_trained": 11,
    "accuracy": 76.13636363636364,
    "auc": 0.8079803719008265
}