{
    "final_train_loss": 0.682616771184481,
    "best_val_loss": 0.6716858102725103,
    "epochs_trained": 8,
    "accuracy": 74.43181818181817,
    "auc": 0.7766012396694215
}