{
    "dataset": "pneumoniamnist",
    "final_train_loss": 0.3994554111137986,
    "best_val_loss": 0.24204967477742365,
    "epochs_trained": 25,
    "accuracy": 87.6068376068376,
    "auc": 0.9499232960771422
}