{
    "dataset": "pneumoniamnist",
    "final_train_loss": 0.693275324344635,
    "best_val_loss": 0.6931679625721539,
    "epochs_trained": 6,
    "accuracy": 50.0,
    "auc": 0.5
}