{
    "final_train_loss": 0.6898213216891655,
    "best_val_loss": 0.6840951855366046,
    "epochs_trained": 14,
    "accuracy": 60.79545454545454,
    "auc": 0.7250774793388429
}