{
    "final_train_loss": 0.5769493360932056,
    "best_val_loss": 0.5003052319471653,
    "epochs_trained": 10,
    "accuracy": 75.56818181818183,
    "auc": 0.8734504132231405
}