{
    "final_train_loss": 0.5843504189298703,
    "best_val_loss": 0.4859546892918073,
    "epochs_trained": 11,
    "accuracy": 77.8409090909091,
    "auc": 0.8689307851239669
}