{
    "final_train_loss": 0.567168824088115,
    "best_val_loss": 0.4719702899456024,
    "epochs_trained": 11,
    "accuracy": 80.11363636363636,
    "auc": 0.8740960743801653
}