{
    "final_train_loss": 0.6642955229832576,
    "best_val_loss": 0.648022147325369,
    "epochs_trained": 14,
    "accuracy": 75.56818181818183,
    "auc": 0.7918388429752067
}