{
    "final_train_loss": 0.5656372322485997,
    "best_val_loss": 0.48966583838829625,
    "epochs_trained": 10,
    "accuracy": 77.27272727272727,
    "auc": 0.8722882231404958
}