{
    "final_train_loss": 0.689500722518334,
    "best_val_loss": 0.6834885019522446,
    "epochs_trained": 11,
    "accuracy": 63.06818181818182,
    "auc": 0.6580578512396694
}