{
    "final_train_loss": 0.5618739795226317,
    "best_val_loss": 0.4873944498025454,
    "epochs_trained": 10,
    "accuracy": 82.38636363636364,
    "auc": 0.8738378099173554
}