{
    "dataset": "retinamnist",
    "final_train_loss": 0.5526210671434035,
    "best_val_loss": 0.5009879928368789,
    "epochs_trained": 14,
    "accuracy": 74.43181818181817,
    "auc": 0.8600206611570248
}