{
    "final_train_loss": 0.59597197920084,
    "best_val_loss": 0.504291853079429,
    "epochs_trained": 8,
    "accuracy": 81.81818181818183,
    "auc": 0.8556301652892562
}