{
    "final_train_loss": 0.5948096110270573,
    "best_val_loss": 0.497970856153048,
    "epochs_trained": 10,
    "accuracy": 78.97727272727273,
    "auc": 0.8721590909090908
}