{
    "final_train_loss": 0.7052765908149573,
    "best_val_loss": 0.6683277808702909,
    "epochs_trained": 9,
    "accuracy": 50.0,
    "auc": 0.8323217975206613
}