{
    "final_train_loss": 0.5911055986697857,
    "best_val_loss": 0.4993664072110103,
    "epochs_trained": 9,
    "accuracy": 78.4090909090909,
    "auc": 0.868801652892562
}