{
    "final_train_loss": 0.6848451486000648,
    "best_val_loss": 0.6706406565812918,
    "epochs_trained": 11,
    "accuracy": 57.95454545454546,
    "auc": 0.6430785123966941
}