{
    "dataset": "pneumoniamnist",
    "final_train_loss": 0.6688322143554688,
    "best_val_loss": 0.6633309765773661,
    "epochs_trained": 8,
    "accuracy": 64.1025641025641,
    "auc": 0.7202680984732267
}