{
    "final_train_loss": 0.6861466146432437,
    "best_val_loss": 0.6757153547727145,
    "epochs_trained": 12,
    "accuracy": 68.18181818181817,
    "auc": 0.7294679752066117
}