{
    "final_train_loss": 0.6876787800055284,
    "best_val_loss": 0.6572435589937063,
    "epochs_trained": 17,
    "accuracy": 55.68181818181818,
    "auc": 0.6341683884297521
}