{
    "dataset": "pneumoniamnist",
    "final_train_loss": 0.7234292153120041,
    "best_val_loss": 0.6970342380159041,
    "epochs_trained": 15,
    "accuracy": 50.0,
    "auc": 0.4432756227628022
}