{
    "final_train_loss": 0.5461525452824739,
    "best_val_loss": 0.474108215707999,
    "epochs_trained": 17,
    "accuracy": 74.43181818181817,
    "auc": 0.8662190082644627
}