{
    "dataset": "pneumoniamnist",
    "final_train_loss": 0.6919748799800873,
    "best_val_loss": 0.6944811519454507,
    "epochs_trained": 9,
    "accuracy": 50.0,
    "auc": 0.5
}