{
    "dataset": "pneumoniamnist",
    "final_train_loss": 0.6779582009315491,
    "best_val_loss": 0.6595877172315822,
    "epochs_trained": 11,
    "accuracy": 60.89743589743589,
    "auc": 0.6868653663525459
}