{
    "final_train_loss": 0.6865809018795307,
    "best_val_loss": 0.6800653705230126,
    "epochs_trained": 8,
    "accuracy": 76.70454545454545,
    "auc": 0.8023631198347108
}