{
    "final_train_loss": 0.6720301165030553,
    "best_val_loss": 0.6527129411697388,
    "epochs_trained": 8,
    "accuracy": 72.1590909090909,
    "auc": 0.8012654958677687
}