{
    "final_train_loss": 0.6793037964747503,
    "best_val_loss": 0.6676055697294382,
    "epochs_trained": 12,
    "accuracy": 74.43181818181817,
    "auc": 0.8135330578512397
}