{
    "final_train_loss": 0.6784776398768791,
    "best_val_loss": 0.6598133582335252,
    "epochs_trained": 6,
    "accuracy": 66.47727272727273,
    "auc": 0.7129390495867769
}