{
    "final_train_loss": 0.6005325631453441,
    "best_val_loss": 0.52048315680944,
    "epochs_trained": 9,
    "accuracy": 77.27272727272727,
    "auc": 0.8646694214876033
}