{
    "final_train_loss": 0.6727911605284764,
    "best_val_loss": 0.6580722102752099,
    "epochs_trained": 9,
    "accuracy": 71.02272727272727,
    "auc": 0.8398760330578513
}