{
    "dataset": "retinamnist",
    "final_train_loss": 0.5536486320770704,
    "best_val_loss": 0.528402376633424,
    "epochs_trained": 19,
    "accuracy": 78.97727272727273,
    "auc": 0.8684142561983471
}