{
    "final_train_loss": 0.6046652842026491,
    "best_val_loss": 0.49046544157541716,
    "epochs_trained": 10,
    "accuracy": 79.54545454545455,
    "auc": 0.8588584710743802
}