{
    "final_train_loss": 0.6819094396554507,
    "best_val_loss": 0.6735117435455322,
    "epochs_trained": 11,
    "accuracy": 72.72727272727273,
    "auc": 0.7763429752066114
}