{
    "dataset": "pneumoniamnist",
    "final_train_loss": 0.6749772229194642,
    "best_val_loss": 0.6585620720596874,
    "epochs_trained": 16,
    "accuracy": 57.05128205128205,
    "auc": 0.7340382789100737
}