{
    "final_train_loss": 0.68610113629928,
    "best_val_loss": 0.6837499141693115,
    "epochs_trained": 6,
    "accuracy": 75.56818181818183,
    "auc": 0.8480113636363635
}