{
    "dataset": "pneumoniamnist",
    "final_train_loss": 0.6974477512836457,
    "best_val_loss": 0.6880938051378026,
    "epochs_trained": 6,
    "accuracy": 50.0,
    "auc": 0.6462122872379282
}