{
    "final_train_loss": 0.561280467074651,
    "best_val_loss": 0.4757240701180238,
    "epochs_trained": 10,
    "accuracy": 73.29545454545455,
    "auc": 0.8782283057851239
}