{
    "final_train_loss": 0.6912147377546017,
    "best_val_loss": 0.643500240949484,
    "epochs_trained": 6,
    "accuracy": 66.47727272727273,
    "auc": 0.8518853305785123
}