{
    "final_train_loss": 0.5539530678437307,
    "best_val_loss": 0.4873438592140491,
    "epochs_trained": 13,
    "accuracy": 78.4090909090909,
    "auc": 0.8698347107438017
}