{
    "dataset": "pneumoniamnist",
    "final_train_loss": 0.48091688424348833,
    "best_val_loss": 0.2939664846395745,
    "epochs_trained": 15,
    "accuracy": 84.61538461538461,
    "auc": 0.9230951859156987
}