{
    "dataset": "retinamnist",
    "final_train_loss": 0.5273508001978581,
    "best_val_loss": 0.4836133110981721,
    "epochs_trained": 16,
    "accuracy": 78.97727272727273,
    "auc": 0.8516270661157025
}