{
    "final_train_loss": 0.6872020460092104,
    "best_val_loss": 0.6817430532895602,
    "epochs_trained": 19,
    "accuracy": 77.8409090909091,
    "auc": 0.8330320247933884
}