{
    "final_train_loss": 0.6853679253504826,
    "best_val_loss": 0.6631945738425622,
    "epochs_trained": 10,
    "accuracy": 81.81818181818183,
    "auc": 0.8424586776859504
}