{
    "dataset": "retinamnist",
    "final_train_loss": 0.5263002169819978,
    "best_val_loss": 0.47334512838950527,
    "epochs_trained": 14,
    "accuracy": 78.97727272727273,
    "auc": 0.8508522727272727
}