{
    "final_train_loss": 0.6815432475163387,
    "best_val_loss": 0.6664504271287185,
    "epochs_trained": 7,
    "accuracy": 58.52272727272727,
    "auc": 0.8258006198347108
}