{
    "dataset": "pneumoniamnist",
    "final_train_loss": 0.6817641897201538,
    "best_val_loss": 0.6701863451915628,
    "epochs_trained": 8,
    "accuracy": 61.111111111111114,
    "auc": 0.6768025421871576
}