{
    "final_train_loss": 0.671846153644415,
    "best_val_loss": 0.6622332609616793,
    "epochs_trained": 9,
    "accuracy": 76.13636363636364,
    "auc": 0.7812500000000001
}