{
    "dataset": "pneumoniamnist",
    "final_train_loss": 0.6736406490802765,
    "best_val_loss": 0.6545655359240139,
    "epochs_trained": 24,
    "accuracy": 58.76068376068376,
    "auc": 0.71440572722624
}