{
    "final_train_loss": 0.6835770960037525,
    "best_val_loss": 0.662390832717602,
    "epochs_trained": 8,
    "accuracy": 75.56818181818183,
    "auc": 0.7797004132231405
}