{
    "final_train_loss": 0.6777652887197642,
    "best_val_loss": 0.6655628497783954,
    "epochs_trained": 11,
    "accuracy": 72.1590909090909,
    "auc": 0.7760847107438016
}