{
    "final_train_loss": 0.685655094568546,
    "best_val_loss": 0.6361926610653217,
    "epochs_trained": 12,
    "accuracy": 76.70454545454545,
    "auc": 0.810756714876033
}