{
    "dataset": "pneumoniamnist",
    "final_train_loss": 0.6789329104423523,
    "best_val_loss": 0.6652157131363364,
    "epochs_trained": 14,
    "accuracy": 57.05128205128205,
    "auc": 0.6142705822193001
}