{
    "final_train_loss": 0.6917340874671936,
    "best_val_loss": 0.6689300674658555,
    "epochs_trained": 13,
    "accuracy": 63.06818181818182,
    "auc": 0.7532283057851239
}