{
    "final_train_loss": 0.5671411787088101,
    "best_val_loss": 0.48712669427578265,
    "epochs_trained": 10,
    "accuracy": 80.11363636363636,
    "auc": 0.8647985537190083
}