{
    "final_train_loss": 0.5612938964596161,
    "best_val_loss": 0.5024200013050666,
    "epochs_trained": 10,
    "accuracy": 73.86363636363636,
    "auc": 0.8641528925619836
}