{
    "final_train_loss": 0.678049800487665,
    "best_val_loss": 0.6794965954927298,
    "epochs_trained": 6,
    "accuracy": 77.27272727272727,
    "auc": 0.8526601239669421
}