{
    "final_train_loss": 0.5652583351502052,
    "best_val_loss": 0.45428899045173937,
    "epochs_trained": 23,
    "accuracy": 80.68181818181817,
    "auc": 0.8702221074380165
}