{
    "final_train_loss": 0.6809307194673098,
    "best_val_loss": 0.6649077213727511,
    "epochs_trained": 8,
    "accuracy": 78.97727272727273,
    "auc": 0.853047520661157
}