{
    "final_train_loss": 0.5655662083855042,
    "best_val_loss": 0.49209118347901565,
    "epochs_trained": 19,
    "accuracy": 82.38636363636364,
    "auc": 0.8682851239669421
}