{
    "dataset": "retinamnist",
    "final_train_loss": 0.6338688414830428,
    "best_val_loss": 0.5911042117155515,
    "epochs_trained": 6,
    "accuracy": 69.88636363636364,
    "auc": 0.8646694214876033
}