{
    "final_train_loss": 0.6869551988748404,
    "best_val_loss": 0.6787172464224008,
    "epochs_trained": 10,
    "accuracy": 57.95454545454546,
    "auc": 0.6623192148760331
}