{
    "final_train_loss": 0.6731904584627885,
    "best_val_loss": 0.6634420660825876,
    "epochs_trained": 10,
    "accuracy": 75.56818181818183,
    "auc": 0.8513688016528925
}