{
    "final_train_loss": 0.5795549696454635,
    "best_val_loss": 0.4810635562126453,
    "epochs_trained": 7,
    "accuracy": 81.81818181818183,
    "auc": 0.8731921487603306
}