{
    "final_train_loss": 0.6922259206955249,
    "best_val_loss": 0.6914708247551551,
    "epochs_trained": 12,
    "accuracy": 65.9090909090909,
    "auc": 0.7409607438016529
}