{
    "dataset": "retinamnist",
    "final_train_loss": 0.5547936566747151,
    "best_val_loss": 0.4844317069420448,
    "epochs_trained": 11,
    "accuracy": 78.97727272727273,
    "auc": 0.8598915289256197
}