{
    "final_train_loss": 0.6751564525640927,
    "best_val_loss": 0.6643660939656771,
    "epochs_trained": 9,
    "accuracy": 69.88636363636364,
    "auc": 0.7776342975206612
}