{
    "dataset": "pneumoniamnist",
    "final_train_loss": 0.6930854337215424,
    "best_val_loss": 0.6931207758538863,
    "epochs_trained": 6,
    "accuracy": 50.0,
    "auc": 0.5
}