{
    "final_train_loss": 0.6827954847079057,
    "best_val_loss": 0.6700507677518405,
    "epochs_trained": 15,
    "accuracy": 70.45454545454545,
    "auc": 0.8331611570247934
}