{
    "final_train_loss": 0.681839041526501,
    "best_val_loss": 0.6599077169711773,
    "epochs_trained": 6,
    "accuracy": 61.36363636363637,
    "auc": 0.7129390495867768
}