{
    "final_train_loss": 0.5976259027536098,
    "best_val_loss": 0.5143140898301051,
    "epochs_trained": 10,
    "accuracy": 72.72727272727273,
    "auc": 0.8637654958677686
}