{
    "final_train_loss": 0.6950329409195827,
    "best_val_loss": 0.6780394453268784,
    "epochs_trained": 9,
    "accuracy": 56.81818181818182,
    "auc": 0.6234504132231404
}