{
    "dataset": "retinamnist",
    "final_train_loss": 0.5548635236345805,
    "best_val_loss": 0.5055796607182577,
    "epochs_trained": 12,
    "accuracy": 76.13636363636364,
    "auc": 0.8496900826446281
}