{
    "final_train_loss": 0.6774103448941158,
    "best_val_loss": 0.6602398707316472,
    "epochs_trained": 7,
    "accuracy": 81.25,
    "auc": 0.8808109504132231
}