{
    "final_train_loss": 0.6874307499482082,
    "best_val_loss": 0.6799615621566772,
    "epochs_trained": 8,
    "accuracy": 66.47727272727273,
    "auc": 0.7321797520661156
}