{
    "dataset": "pneumoniamnist",
    "final_train_loss": 0.3530453619621694,
    "best_val_loss": 0.24261667086359331,
    "epochs_trained": 20,
    "accuracy": 86.11111111111111,
    "auc": 0.9434582511505588
}