{
    "final_train_loss": 0.5801693150630364,
    "best_val_loss": 0.5028040133989774,
    "epochs_trained": 10,
    "accuracy": 78.97727272727273,
    "auc": 0.8721590909090908
}