{
    "final_train_loss": 0.6858491778373719,
    "best_val_loss": 0.6685372086671683,
    "epochs_trained": 11,
    "accuracy": 72.1590909090909,
    "auc": 0.784220041322314
}