{
    "dataset": "retinamnist",
    "final_train_loss": 0.5606159128821813,
    "best_val_loss": 0.452517779973837,
    "epochs_trained": 25,
    "accuracy": 76.13636363636364,
    "auc": 0.8236053719008265
}