{
    "dataset": "pneumoniamnist",
    "final_train_loss": 0.45298731353878974,
    "best_val_loss": 0.3348772231598987,
    "epochs_trained": 25,
    "accuracy": 82.6923076923077,
    "auc": 0.9131967272992915
}