{
    "final_train_loss": 0.6787915917543265,
    "best_val_loss": 0.6639521672175481,
    "epochs_trained": 10,
    "accuracy": 55.11363636363637,
    "auc": 0.6275826446280991
}