{
    "final_train_loss": 0.5732576064192332,
    "best_val_loss": 0.4886759129854349,
    "epochs_trained": 10,
    "accuracy": 80.68181818181817,
    "auc": 0.8676394628099174
}