{
    "final_train_loss": 0.6776107733066266,
    "best_val_loss": 0.6657704802659842,
    "epochs_trained": 14,
    "accuracy": 63.63636363636363,
    "auc": 0.7818956611570249
}