{
    "dataset": "retinamnist",
    "final_train_loss": 0.6932928470464853,
    "best_val_loss": 0.6931472420692444,
    "epochs_trained": 12,
    "accuracy": 50.0,
    "auc": 0.5
}