{
    "dataset": "pneumoniamnist",
    "final_train_loss": 0.40033193128183486,
    "best_val_loss": 0.2546884905519512,
    "epochs_trained": 18,
    "accuracy": 84.61538461538461,
    "auc": 0.9321718167872014
}