{
    "final_train_loss": 0.5493132854883488,
    "best_val_loss": 0.5136210173368454,
    "epochs_trained": 9,
    "accuracy": 78.4090909090909,
    "auc": 0.8708677685950413
}