{
    "final_train_loss": 0.537454709238731,
    "best_val_loss": 0.470550286082121,
    "epochs_trained": 19,
    "accuracy": 78.4090909090909,
    "auc": 0.8698347107438016
}