{
    "final_train_loss": 0.6941290782048152,
    "best_val_loss": 0.6902860448910639,
    "epochs_trained": 8,
    "accuracy": 51.70454545454546,
    "auc": 0.5635330578512396
}