{
    "final_train_loss": 0.6808164711181934,
    "best_val_loss": 0.67163812655669,
    "epochs_trained": 12,
    "accuracy": 63.63636363636363,
    "auc": 0.7085485537190083
}