{
    "dataset": "retinamnist",
    "final_train_loss": 0.5815677553415298,
    "best_val_loss": 0.45651978942064136,
    "epochs_trained": 13,
    "accuracy": 76.13636363636364,
    "auc": 0.8247675619834711
}