{
    "final_train_loss": 0.6946623508746808,
    "best_val_loss": 0.6626377105712891,
    "epochs_trained": 18,
    "accuracy": 44.88636363636363,
    "auc": 0.5471332644628099
}