{
    "final_train_loss": 0.5756082082023988,
    "best_val_loss": 0.4755118569502464,
    "epochs_trained": 14,
    "accuracy": 77.8409090909091,
    "auc": 0.8668646694214875
}