{
    "final_train_loss": 0.5910483542543191,
    "best_val_loss": 0.4958305416198877,
    "epochs_trained": 13,
    "accuracy": 80.68181818181817,
    "auc": 0.8814566115702479
}