{
    "final_train_loss": 0.6726666620144477,
    "best_val_loss": 0.673591659619258,
    "epochs_trained": 7,
    "accuracy": 76.70454545454545,
    "auc": 0.7984245867768596
}