{
    "final_train_loss": 0.6829365863249852,
    "best_val_loss": 0.6675164011808542,
    "epochs_trained": 13,
    "accuracy": 66.47727272727273,
    "auc": 0.878228305785124
}