{
    "final_train_loss": 0.5575004942142047,
    "best_val_loss": 0.5131134597154764,
    "epochs_trained": 10,
    "accuracy": 74.43181818181817,
    "auc": 0.8729338842975207
}