{
    "final_train_loss": 0.5785769085471447,
    "best_val_loss": 0.46155162900686264,
    "epochs_trained": 19,
    "accuracy": 78.4090909090909,
    "auc": 0.8819731404958678
}