{
    "final_train_loss": 0.6740462211462167,
    "best_val_loss": 0.6677474287840036,
    "epochs_trained": 15,
    "accuracy": 67.61363636363636,
    "auc": 0.7445764462809917
}