{
    "dataset": "pneumoniamnist",
    "final_train_loss": 0.6785133831501007,
    "best_val_loss": 0.6648890709175783,
    "epochs_trained": 8,
    "accuracy": 55.12820512820513,
    "auc": 0.7265687778508291
}