{
    "dataset": "pneumoniamnist",
    "final_train_loss": 0.6881805098056794,
    "best_val_loss": 0.6848838969188578,
    "epochs_trained": 7,
    "accuracy": 50.0,
    "auc": 0.5820275403608737
}