{
    "final_train_loss": 0.6830983487459329,
    "best_val_loss": 0.6456598456089313,
    "epochs_trained": 11,
    "accuracy": 80.68181818181817,
    "auc": 0.8681559917355373
}