{
    "final_train_loss": 0.6743673104506273,
    "best_val_loss": 0.6619381171006423,
    "epochs_trained": 7,
    "accuracy": 67.61363636363636,
    "auc": 0.809400826446281
}