{
    "final_train_loss": 0.6938847138331486,
    "best_val_loss": 0.6651319861412048,
    "epochs_trained": 12,
    "accuracy": 69.88636363636364,
    "auc": 0.8290289256198348
}