{
    "dataset": "retinamnist",
    "final_train_loss": 0.5922580007177133,
    "best_val_loss": 0.4787258803844452,
    "epochs_trained": 10,
    "accuracy": 81.25,
    "auc": 0.871513429752066
}