{
    "dataset": "retinamnist",
    "final_train_loss": 0.5601997625369292,
    "best_val_loss": 0.45216335126986873,
    "epochs_trained": 16,
    "accuracy": 78.97727272727273,
    "auc": 0.8507231404958677
}