{
    "dataset": "retinamnist",
    "final_train_loss": 0.5574728840818772,
    "best_val_loss": 0.4690940941755588,
    "epochs_trained": 16,
    "accuracy": 78.97727272727273,
    "auc": 0.871900826446281
}