{
    "final_train_loss": 0.6870163023471832,
    "best_val_loss": 0.6857288342255813,
    "epochs_trained": 6,
    "accuracy": 77.8409090909091,
    "auc": 0.834452479338843
}