{
    "final_train_loss": 0.6694467544555665,
    "best_val_loss": 0.6576472566677973,
    "epochs_trained": 16,
    "accuracy": 72.72727272727273,
    "auc": 0.8007489669421488
}