{
    "final_train_loss": 0.6759558407159952,
    "best_val_loss": 0.672340608560122,
    "epochs_trained": 12,
    "accuracy": 72.1590909090909,
    "auc": 0.8867510330578513
}