{
    "final_train_loss": 0.691131146137531,
    "best_val_loss": 0.673823031095358,
    "epochs_trained": 7,
    "accuracy": 69.88636363636364,
    "auc": 0.8590521694214877
}