{
    "final_train_loss": 0.6752668596231021,
    "best_val_loss": 0.652027230996352,
    "epochs_trained": 17,
    "accuracy": 71.02272727272727,
    "auc": 0.7640754132231404
}