{
    "dataset": "pneumoniamnist",
    "final_train_loss": 0.35350821329653265,
    "best_val_loss": 0.2244173753356068,
    "epochs_trained": 25,
    "accuracy": 87.17948717948718,
    "auc": 0.9400613631382861
}