{
    "final_train_loss": 0.6751044323811164,
    "best_val_loss": 0.6606036745584928,
    "epochs_trained": 6,
    "accuracy": 74.43181818181817,
    "auc": 0.8336776859504132
}