{
    "final_train_loss": 0.5773929782784902,
    "best_val_loss": 0.4672171318760285,
    "epochs_trained": 11,
    "accuracy": 73.86363636363636,
    "auc": 0.8666064049586776
}