{
    "dataset": "retinamnist",
    "final_train_loss": 0.6934798268171457,
    "best_val_loss": 0.6885039714666513,
    "epochs_trained": 10,
    "accuracy": 50.0,
    "auc": 0.6105371900826446
}