{
    "final_train_loss": 0.6763761204022628,
    "best_val_loss": 0.6631394853958716,
    "epochs_trained": 15,
    "accuracy": 73.29545454545455,
    "auc": 0.7829287190082644
}