{
    "dataset": "retinamnist",
    "final_train_loss": 0.5927082999394491,
    "best_val_loss": 0.4993220693789996,
    "epochs_trained": 15,
    "accuracy": 78.97727272727273,
    "auc": 0.8591167355371901
}