{
    "final_train_loss": 0.527466774559938,
    "best_val_loss": 0.460894919358767,
    "epochs_trained": 19,
    "accuracy": 77.8409090909091,
    "auc": 0.8713842975206612
}