{
    "final_train_loss": 0.6750172110704276,
    "best_val_loss": 0.660622436266679,
    "epochs_trained": 14,
    "accuracy": 76.70454545454545,
    "auc": 0.7753099173553719
}