{
    "final_train_loss": 0.6955448334033673,
    "best_val_loss": 0.6628940747334406,
    "epochs_trained": 6,
    "accuracy": 53.97727272727273,
    "auc": 0.8507231404958677
}