{
    "final_train_loss": 0.6774987019025362,
    "best_val_loss": 0.6623066572042612,
    "epochs_trained": 6,
    "accuracy": 61.93181818181818,
    "auc": 0.818440082644628
}