{
    "final_train_loss": 0.570614742888854,
    "best_val_loss": 0.46324889132609737,
    "epochs_trained": 18,
    "accuracy": 79.54545454545455,
    "auc": 0.8842975206611571
}