{
    "final_train_loss": 0.5874252432814011,
    "best_val_loss": 0.48624675090496355,
    "epochs_trained": 8,
    "accuracy": 77.8409090909091,
    "auc": 0.8684142561983471
}