{
    "final_train_loss": 0.6820344691093151,
    "best_val_loss": 0.6601985555428725,
    "epochs_trained": 11,
    "accuracy": 71.02272727272727,
    "auc": 0.8300619834710743
}