{
    "dataset": "pneumoniamnist",
    "final_train_loss": 0.6876129941940308,
    "best_val_loss": 0.6833710223436356,
    "epochs_trained": 6,
    "accuracy": 57.05128205128205,
    "auc": 0.6078968514865951
}