{
    "final_train_loss": 0.6717006866748516,
    "best_val_loss": 0.663389618580158,
    "epochs_trained": 9,
    "accuracy": 59.09090909090909,
    "auc": 0.7048037190082644
}