{
    "dataset": "pneumoniamnist",
    "final_train_loss": 0.38824356976896524,
    "best_val_loss": 0.2622785545228159,
    "epochs_trained": 20,
    "accuracy": 85.47008547008546,
    "auc": 0.9342537804076266
}