{
    "dataset": "retinamnist",
    "final_train_loss": 0.5697414207916993,
    "best_val_loss": 0.5033164459925431,
    "epochs_trained": 10,
    "accuracy": 76.70454545454545,
    "auc": 0.8459452479338843
}