{
    "final_train_loss": 0.6787816386956435,
    "best_val_loss": 0.6671565633553725,
    "epochs_trained": 8,
    "accuracy": 69.31818181818183,
    "auc": 0.7797004132231405
}