{
    "final_train_loss": 0.5999180681430376,
    "best_val_loss": 0.5014674365520477,
    "epochs_trained": 16,
    "accuracy": 82.38636363636364,
    "auc": 0.8707386363636364
}