{
    "final_train_loss": 0.6794074984697195,
    "best_val_loss": 0.6653478283148545,
    "epochs_trained": 6,
    "accuracy": 69.31818181818183,
    "auc": 0.7373450413223139
}