{
    "final_train_loss": 0.6891671244914715,
    "best_val_loss": 0.6717848915320176,
    "epochs_trained": 10,
    "accuracy": 67.61363636363636,
    "auc": 0.7102272727272726
}