{
    "final_train_loss": 0.5606548778139628,
    "best_val_loss": 0.48923877569345325,
    "epochs_trained": 12,
    "accuracy": 76.13636363636364,
    "auc": 0.8657024793388429
}