{
    "final_train_loss": 0.6765031727460714,
    "best_val_loss": 0.6692822346320519,
    "epochs_trained": 13,
    "accuracy": 75.56818181818183,
    "auc": 0.8032024793388429
}