{
    "final_train_loss": 0.6830651920575362,
    "best_val_loss": 0.6724094519248376,
    "epochs_trained": 10,
    "accuracy": 70.45454545454545,
    "auc": 0.7990702479338844
}