{
    "final_train_loss": 0.6857194556639745,
    "best_val_loss": 0.6671505341163049,
    "epochs_trained": 8,
    "accuracy": 59.09090909090909,
    "auc": 0.6318440082644627
}