{
    "final_train_loss": 0.6842841982841492,
    "best_val_loss": 0.6695035696029663,
    "epochs_trained": 6,
    "accuracy": 55.11363636363637,
    "auc": 0.7909994834710744
}