{
    "final_train_loss": 0.5910295023367955,
    "best_val_loss": 0.49764431439913237,
    "epochs_trained": 11,
    "accuracy": 81.81818181818183,
    "auc": 0.868801652892562
}