{
    "dataset": "retinamnist",
    "final_train_loss": 0.6495893831436451,
    "best_val_loss": 0.5518973011236924,
    "epochs_trained": 25,
    "accuracy": 76.13636363636364,
    "auc": 0.812629132231405
}