{
    "final_train_loss": 0.6895523859904362,
    "best_val_loss": 0.656588627741887,
    "epochs_trained": 13,
    "accuracy": 81.81818181818183,
    "auc": 0.825154958677686
}