{
    "dataset": "retinamnist",
    "final_train_loss": 0.5493255441578535,
    "best_val_loss": 0.4817007550826439,
    "epochs_trained": 15,
    "accuracy": 78.97727272727273,
    "auc": 0.8616993801652894
}