{
    "dataset": "pneumoniamnist",
    "final_train_loss": 0.41870389035344124,
    "best_val_loss": 0.2800008473260438,
    "epochs_trained": 14,
    "accuracy": 84.61538461538461,
    "auc": 0.9351303966688581
}