{
    "final_train_loss": 0.5546232767976247,
    "best_val_loss": 0.4484676535312946,
    "epochs_trained": 21,
    "accuracy": 81.81818181818183,
    "auc": 0.8861053719008264
}