{
    "final_train_loss": 0.6757196641885317,
    "best_val_loss": 0.6604539797856257,
    "epochs_trained": 6,
    "accuracy": 51.13636363636363,
    "auc": 0.7692407024793388
}