{
    "final_train_loss": 0.684940362893618,
    "best_val_loss": 0.6683769684571487,
    "epochs_trained": 8,
    "accuracy": 66.47727272727273,
    "auc": 0.728047520661157
}