{
    "final_train_loss": 0.6740284910568825,
    "best_val_loss": 0.6601615502284124,
    "epochs_trained": 23,
    "accuracy": 82.38636363636364,
    "auc": 0.8547262396694215
}