{
    "final_train_loss": 0.6780464841769291,
    "best_val_loss": 0.664184203514686,
    "epochs_trained": 7,
    "accuracy": 73.29545454545455,
    "auc": 0.7827995867768595
}