{
    "dataset": "pneumoniamnist",
    "final_train_loss": 0.3875293685942888,
    "best_val_loss": 0.29245161098044586,
    "epochs_trained": 15,
    "accuracy": 85.25641025641025,
    "auc": 0.9268025421871576
}