{
    "final_train_loss": 0.683706914461576,
    "best_val_loss": 0.6717855380131648,
    "epochs_trained": 6,
    "accuracy": 73.29545454545455,
    "auc": 0.7909349173553718
}