{
    "dataset": "retinamnist",
    "final_train_loss": 0.6886668526209317,
    "best_val_loss": 0.6841850189062265,
    "epochs_trained": 8,
    "accuracy": 50.0,
    "auc": 0.6844008264462811
}