{
    "final_train_loss": 0.5638213464846977,
    "best_val_loss": 0.48945256150685823,
    "epochs_trained": 11,
    "accuracy": 80.11363636363636,
    "auc": 0.8717716942148762
}