{
    "dataset": "pneumoniamnist",
    "final_train_loss": 0.3497750217281282,
    "best_val_loss": 0.2505898435654886,
    "epochs_trained": 16,
    "accuracy": 87.6068376068376,
    "auc": 0.9472934472934473
}