{
    "final_train_loss": 0.5494867223959703,
    "best_val_loss": 0.461026220367505,
    "epochs_trained": 15,
    "accuracy": 80.68181818181817,
    "auc": 0.8575671487603306
}