{
    "final_train_loss": 0.6764488719976866,
    "best_val_loss": 0.6605802178382874,
    "epochs_trained": 6,
    "accuracy": 76.70454545454545,
    "auc": 0.8104338842975206
}