{
    "final_train_loss": 0.6725931685704452,
    "best_val_loss": 0.6704969451977656,
    "epochs_trained": 9,
    "accuracy": 70.45454545454545,
    "auc": 0.7348915289256198
}