{
    "dataset": "retinamnist",
    "final_train_loss": 0.5632709567363445,
    "best_val_loss": 0.49921729931464565,
    "epochs_trained": 16,
    "accuracy": 78.97727272727273,
    "auc": 0.8799070247933884
}