{
    "dataset": "retinamnist",
    "final_train_loss": 0.542570518874205,
    "best_val_loss": 0.4530424647606336,
    "epochs_trained": 19,
    "accuracy": 78.97727272727273,
    "auc": 0.8614411157024794
}