{
    "dataset": "pneumoniamnist",
    "final_train_loss": 0.39167384700477126,
    "best_val_loss": 0.2676968748599072,
    "epochs_trained": 25,
    "accuracy": 83.97435897435898,
    "auc": 0.9241179048871357
}