{
    "final_train_loss": 0.556257320367373,
    "best_val_loss": 0.4751102752410449,
    "epochs_trained": 19,
    "accuracy": 81.81818181818183,
    "auc": 0.8575671487603306
}