{
    "final_train_loss": 0.6725225975880256,
    "best_val_loss": 0.6692033914419321,
    "epochs_trained": 10,
    "accuracy": 64.77272727272727,
    "auc": 0.7363119834710744
}