{
    "dataset": "pneumoniamnist",
    "final_train_loss": 0.6933198580741883,
    "best_val_loss": 0.6931446930941414,
    "epochs_trained": 6,
    "accuracy": 50.0,
    "auc": 0.5
}