{
    "final_train_loss": 0.6862299767824319,
    "best_val_loss": 0.6797458621171805,
    "epochs_trained": 6,
    "accuracy": 65.3409090909091,
    "auc": 0.8122417355371901
}