{
    "final_train_loss": 0.6833835280858553,
    "best_val_loss": 0.6746832132339478,
    "epochs_trained": 10,
    "accuracy": 57.38636363636363,
    "auc": 0.7510330578512397
}