{
    "final_train_loss": 0.6190949958104354,
    "best_val_loss": 0.4760524103274712,
    "epochs_trained": 8,
    "accuracy": 81.81818181818183,
    "auc": 0.8646694214876033
}