{
    "final_train_loss": 0.6800209004145402,
    "best_val_loss": 0.6678183720662043,
    "epochs_trained": 21,
    "accuracy": 72.72727272727273,
    "auc": 0.7710485537190083
}