{
    "final_train_loss": 0.6744042923817268,
    "best_val_loss": 0.6608024789736822,
    "epochs_trained": 17,
    "accuracy": 57.38636363636363,
    "auc": 0.7010588842975206
}