{
    "final_train_loss": 0.5442389912330188,
    "best_val_loss": 0.4807785084614387,
    "epochs_trained": 15,
    "accuracy": 76.70454545454545,
    "auc": 0.8664772727272727
}