{
    "final_train_loss": 0.6713486387179448,
    "best_val_loss": 0.6584439185949472,
    "epochs_trained": 15,
    "accuracy": 80.68181818181817,
    "auc": 0.8555010330578513
}