{
    "final_train_loss": 0.6822480284250699,
    "best_val_loss": 0.6698698172202477,
    "epochs_trained": 7,
    "accuracy": 65.9090909090909,
    "auc": 0.6859504132231404
}