{
    "final_train_loss": 0.6800306434814747,
    "best_val_loss": 0.6656215145037725,
    "epochs_trained": 10,
    "accuracy": 53.97727272727273,
    "auc": 0.831095041322314
}