{
    "final_train_loss": 0.677617780978863,
    "best_val_loss": 0.6651359429726234,
    "epochs_trained": 10,
    "accuracy": 71.5909090909091,
    "auc": 0.7908057851239669
}