{
    "final_train_loss": 0.6742198045437152,
    "best_val_loss": 0.6544735431671143,
    "epochs_trained": 15,
    "accuracy": 70.45454545454545,
    "auc": 0.7667871900826445
}