{
    "final_train_loss": 0.6746858225418971,
    "best_val_loss": 0.6609768317295954,
    "epochs_trained": 8,
    "accuracy": 73.29545454545455,
    "auc": 0.8143078512396695
}