{
    "final_train_loss": 0.6837687804148748,
    "best_val_loss": 0.669625291457543,
    "epochs_trained": 8,
    "accuracy": 73.29545454545455,
    "auc": 0.825154958677686
}