{
    "dataset": "retinamnist",
    "final_train_loss": 0.5389113598144971,
    "best_val_loss": 0.4661945356772496,
    "epochs_trained": 17,
    "accuracy": 78.97727272727273,
    "auc": 0.8616993801652894
}