{
    "final_train_loss": 0.6864502659210792,
    "best_val_loss": 0.6691268590780405,
    "epochs_trained": 9,
    "accuracy": 47.159090909090914,
    "auc": 0.49677169421487594
}