{
    "final_train_loss": 0.7014425011781545,
    "best_val_loss": 0.695283463368049,
    "epochs_trained": 8,
    "accuracy": 53.97727272727273,
    "auc": 0.4748192148760331
}