{
    "dataset": "retinamnist",
    "final_train_loss": 0.5593273520469666,
    "best_val_loss": 0.4783368500379416,
    "epochs_trained": 9,
    "accuracy": 76.13636363636364,
    "auc": 0.8556301652892563
}