{
    "final_train_loss": 0.6813800004812387,
    "best_val_loss": 0.6641517419081467,
    "epochs_trained": 7,
    "accuracy": 57.38636363636363,
    "auc": 0.6771694214876033
}