{
    "final_train_loss": 0.5544201025596032,
    "best_val_loss": 0.47467055229040295,
    "epochs_trained": 7,
    "accuracy": 80.68181818181817,
    "auc": 0.8672520661157026
}