{
    "final_train_loss": 0.6715014696121215,
    "best_val_loss": 0.6541498211713938,
    "epochs_trained": 12,
    "accuracy": 72.1590909090909,
    "auc": 0.7590392561983471
}