{
    "dataset": "pneumoniamnist",
    "final_train_loss": 0.692303188085556,
    "best_val_loss": 0.6911457461469314,
    "epochs_trained": 8,
    "accuracy": 65.38461538461539,
    "auc": 0.6897326320403243
}