{
    "dataset": "retinamnist",
    "final_train_loss": 0.5671028799735582,
    "best_val_loss": 0.4909580292610022,
    "epochs_trained": 14,
    "accuracy": 76.13636363636364,
    "auc": 0.8480113636363635
}