{
    "final_train_loss": 0.677952204300807,
    "best_val_loss": 0.6689021449822646,
    "epochs_trained": 7,
    "accuracy": 54.54545454545454,
    "auc": 0.6432076446280991
}