{
    "final_train_loss": 0.6890857384755061,
    "best_val_loss": 0.6810103425612817,
    "epochs_trained": 7,
    "accuracy": 63.06818181818182,
    "auc": 0.6787190082644627
}