{
    "final_train_loss": 0.6903298866290313,
    "best_val_loss": 0.6582138446661142,
    "epochs_trained": 8,
    "accuracy": 61.93181818181818,
    "auc": 0.6797520661157025
}