{
    "final_train_loss": 0.6830793243188125,
    "best_val_loss": 0.6777822237748367,
    "epochs_trained": 10,
    "accuracy": 51.13636363636363,
    "auc": 0.7718233471074379
}