{
    "final_train_loss": 0.6796454681799962,
    "best_val_loss": 0.666752929870899,
    "epochs_trained": 6,
    "accuracy": 55.11363636363637,
    "auc": 0.6415289256198348
}