{
    "dataset": "pneumoniamnist",
    "final_train_loss": 0.4139379064589739,
    "best_val_loss": 0.27834343170637593,
    "epochs_trained": 10,
    "accuracy": 86.75213675213675,
    "auc": 0.9418145956607495
}