{
    "final_train_loss": 0.55202689824196,
    "best_val_loss": 0.46304017763871413,
    "epochs_trained": 14,
    "accuracy": 69.31818181818183,
    "auc": 0.8698347107438016
}