{
    "final_train_loss": 0.6885312080383301,
    "best_val_loss": 0.6684957284193772,
    "epochs_trained": 15,
    "accuracy": 52.84090909090909,
    "auc": 0.6739411157024792
}