{
    "final_train_loss": 0.5820492483102359,
    "best_val_loss": 0.4806084953821622,
    "epochs_trained": 8,
    "accuracy": 81.81818181818183,
    "auc": 0.872029958677686
}