{
    "final_train_loss": 0.6731132085506732,
    "best_val_loss": 0.6535131518657391,
    "epochs_trained": 10,
    "accuracy": 68.18181818181817,
    "auc": 0.8419421487603307
}