{
    "dataset": "pneumoniamnist",
    "final_train_loss": 0.6691773226261138,
    "best_val_loss": 0.6625851769657696,
    "epochs_trained": 13,
    "accuracy": 61.111111111111114,
    "auc": 0.6709401709401709
}