{
    "dataset": "pneumoniamnist",
    "final_train_loss": 0.39631372797489167,
    "best_val_loss": 0.24722862595637493,
    "epochs_trained": 13,
    "accuracy": 83.76068376068376,
    "auc": 0.9407918766893125
}