{
    "final_train_loss": 0.5871477415928474,
    "best_val_loss": 0.5118409257668716,
    "epochs_trained": 7,
    "accuracy": 77.8409090909091,
    "auc": 0.8735795454545455
}