{
    "final_train_loss": 0.6812827976850363,
    "best_val_loss": 0.6648355218080374,
    "epochs_trained": 9,
    "accuracy": 73.86363636363636,
    "auc": 0.8125000000000001
}