{
    "final_train_loss": 0.5413131513274633,
    "best_val_loss": 0.4655493979270642,
    "epochs_trained": 21,
    "accuracy": 79.54545454545455,
    "auc": 0.8827479338842975
}