{
    "dataset": "pneumoniamnist",
    "final_train_loss": 0.6726006667613983,
    "best_val_loss": 0.6772782776285621,
    "epochs_trained": 7,
    "accuracy": 50.0,
    "auc": 0.6958506830301703
}