{
    "final_train_loss": 0.6712412751637973,
    "best_val_loss": 0.6568378714414743,
    "epochs_trained": 6,
    "accuracy": 71.02272727272727,
    "auc": 0.778279958677686
}