{
    "final_train_loss": 0.6877125469537881,
    "best_val_loss": 0.6832744433329656,
    "epochs_trained": 9,
    "accuracy": 67.04545454545455,
    "auc": 0.7135847107438016
}