{
    "final_train_loss": 0.6723212787738213,
    "best_val_loss": 0.6644969078210684,
    "epochs_trained": 9,
    "accuracy": 78.97727272727273,
    "auc": 0.8685433884297521
}