{
    "final_train_loss": 0.7051035298750951,
    "best_val_loss": 0.6746644102610074,
    "epochs_trained": 8,
    "accuracy": 72.72727272727273,
    "auc": 0.8231534090909092
}