{
    "final_train_loss": 0.6813021054634681,
    "best_val_loss": 0.6706492946698115,
    "epochs_trained": 9,
    "accuracy": 57.95454545454546,
    "auc": 0.7487086776859504
}