{
    "dataset": "pneumoniamnist",
    "final_train_loss": 0.6869798212051391,
    "best_val_loss": 0.6800969865392236,
    "epochs_trained": 8,
    "accuracy": 53.63247863247863,
    "auc": 0.5505606691504128
}