{
    "dataset": "pneumoniamnist",
    "final_train_loss": 0.45916125594079493,
    "best_val_loss": 0.2984207589453196,
    "epochs_trained": 11,
    "accuracy": 82.6923076923077,
    "auc": 0.9260720286361313
}