{
    "final_train_loss": 0.6785350162249345,
    "best_val_loss": 0.6672616371741662,
    "epochs_trained": 9,
    "accuracy": 67.04545454545455,
    "auc": 0.7800878099173555
}