{
    "dataset": "retinamnist",
    "final_train_loss": 0.5359566568182065,
    "best_val_loss": 0.45994210701722366,
    "epochs_trained": 8,
    "accuracy": 78.97727272727273,
    "auc": 0.8797778925619835
}