{
    "final_train_loss": 0.5715166727510782,
    "best_val_loss": 0.48403855699759263,
    "epochs_trained": 13,
    "accuracy": 80.11363636363636,
    "auc": 0.8730630165289257
}