{
    "dataset": "pneumoniamnist",
    "final_train_loss": 0.6934439947605133,
    "best_val_loss": 0.6912637089981752,
    "epochs_trained": 16,
    "accuracy": 49.358974358974365,
    "auc": 0.5506428519249031
}