{
    "final_train_loss": 0.6859614555652325,
    "best_val_loss": 0.6704687751256503,
    "epochs_trained": 18,
    "accuracy": 74.43181818181817,
    "auc": 0.8002324380165289
}