{
    "dataset": "retinamnist",
    "final_train_loss": 0.6937977148936345,
    "best_val_loss": 0.6492920105273907,
    "epochs_trained": 14,
    "accuracy": 50.0,
    "auc": 0.5
}