{
    "final_train_loss": 0.5238592260158978,
    "best_val_loss": 0.48305367277218747,
    "epochs_trained": 14,
    "accuracy": 76.13636363636364,
    "auc": 0.8713842975206612
}