{
    "final_train_loss": 0.6918933497025417,
    "best_val_loss": 0.6903644754336431,
    "epochs_trained": 11,
    "accuracy": 76.70454545454545,
    "auc": 0.871900826446281
}