{
    "dataset": "pneumoniamnist",
    "final_train_loss": 0.3731350146085024,
    "best_val_loss": 0.2517486961613245,
    "epochs_trained": 25,
    "accuracy": 85.25641025641025,
    "auc": 0.9354773906055958
}