{
    "dataset": "retinamnist",
    "final_train_loss": 0.5671513552849109,
    "best_val_loss": 0.47370229031030947,
    "epochs_trained": 15,
    "accuracy": 78.97727272727273,
    "auc": 0.8667355371900826
}