{
    "dataset": "pneumoniamnist",
    "final_train_loss": 0.4110060497522354,
    "best_val_loss": 0.2451218462203328,
    "epochs_trained": 25,
    "accuracy": 82.26495726495726,
    "auc": 0.9169953977646286
}