{
    "final_train_loss": 0.551628263352009,
    "best_val_loss": 0.4722994898374264,
    "epochs_trained": 14,
    "accuracy": 80.68181818181817,
    "auc": 0.8757747933884298
}