{
    "final_train_loss": 0.681095861013119,
    "best_val_loss": 0.6732350541995122,
    "epochs_trained": 8,
    "accuracy": 68.18181818181817,
    "auc": 0.7475464876033058
}