{
    "final_train_loss": 0.6734496423831353,
    "best_val_loss": 0.6703656132404621,
    "epochs_trained": 9,
    "accuracy": 76.70454545454545,
    "auc": 0.7990702479338844
}