{
    "dataset": "retinamnist",
    "final_train_loss": 0.5662331802340654,
    "best_val_loss": 0.4756355858766116,
    "epochs_trained": 14,
    "accuracy": 81.81818181818183,
    "auc": 0.8633780991735537
}