{
    "dataset": "pneumoniamnist",
    "final_train_loss": 0.6757458255290986,
    "best_val_loss": 0.6654610300765318,
    "epochs_trained": 11,
    "accuracy": 67.73504273504274,
    "auc": 0.7246146541018336
}