{
    "dataset": "retinamnist",
    "final_train_loss": 0.5360490198318775,
    "best_val_loss": 0.4545828023782143,
    "epochs_trained": 11,
    "accuracy": 78.97727272727273,
    "auc": 0.8613119834710744
}