{
    "dataset": "pneumoniamnist",
    "final_train_loss": 0.424353337559849,
    "best_val_loss": 0.26306978617246973,
    "epochs_trained": 19,
    "accuracy": 85.8974358974359,
    "auc": 0.9367375264811163
}