{
    "final_train_loss": 0.6712182425535642,
    "best_val_loss": 0.6530353381083562,
    "epochs_trained": 9,
    "accuracy": 80.11363636363636,
    "auc": 0.8513688016528926
}