{
    "final_train_loss": 0.6798392020739041,
    "best_val_loss": 0.662761587363023,
    "epochs_trained": 15,
    "accuracy": 70.45454545454545,
    "auc": 0.7848657024793388
}