{
    "final_train_loss": 0.5853954383960137,
    "best_val_loss": 0.4781370506836818,
    "epochs_trained": 9,
    "accuracy": 80.68181818181817,
    "auc": 0.8668646694214877
}