{
    "final_train_loss": 0.562522032398444,
    "best_val_loss": 0.47499953095729536,
    "epochs_trained": 10,
    "accuracy": 77.27272727272727,
    "auc": 0.8790030991735537
}