{
    "dataset": "retinamnist",
    "final_train_loss": 0.5392175527146229,
    "best_val_loss": 0.47228865440075213,
    "epochs_trained": 9,
    "accuracy": 81.25,
    "auc": 0.8673811983471075
}