{
    "dataset": "retinamnist",
    "final_train_loss": 0.5830646297106377,
    "best_val_loss": 0.4766369484938108,
    "epochs_trained": 15,
    "accuracy": 78.97727272727273,
    "auc": 0.8788739669421487
}