{
    "dataset": "retinamnist",
    "final_train_loss": 0.5544155340928297,
    "best_val_loss": 0.48413893580436707,
    "epochs_trained": 7,
    "accuracy": 78.97727272727273,
    "auc": 0.8504648760330578
}