{
    "final_train_loss": 0.6853259623050689,
    "best_val_loss": 0.6739675173392663,
    "epochs_trained": 10,
    "accuracy": 77.8409090909091,
    "auc": 0.8788739669421488
}