{
    "final_train_loss": 0.6857207793455857,
    "best_val_loss": 0.662261962890625,
    "epochs_trained": 11,
    "accuracy": 64.77272727272727,
    "auc": 0.7259814049586777
}