{
    "final_train_loss": 0.6851238227807559,
    "best_val_loss": 0.6642483106026282,
    "epochs_trained": 23,
    "accuracy": 77.8409090909091,
    "auc": 0.8543388429752066
}