{
    "final_train_loss": 0.6747498218829815,
    "best_val_loss": 0.6527217443172748,
    "epochs_trained": 7,
    "accuracy": 73.86363636363636,
    "auc": 0.8057851239669421
}