{
    "final_train_loss": 0.5398883493473896,
    "best_val_loss": 0.4695668025658681,
    "epochs_trained": 15,
    "accuracy": 77.27272727272727,
    "auc": 0.872029958677686
}