{
    "final_train_loss": 0.6789545150903555,
    "best_val_loss": 0.6747991121732272,
    "epochs_trained": 6,
    "accuracy": 66.47727272727273,
    "auc": 0.7326962809917357
}