{
    "final_train_loss": 0.6826763469439286,
    "best_val_loss": 0.6745627660017747,
    "epochs_trained": 6,
    "accuracy": 78.97727272727273,
    "auc": 0.846720041322314
}