{
    "final_train_loss": 0.6174157494535812,
    "best_val_loss": 0.4998141871048854,
    "epochs_trained": 10,
    "accuracy": 76.13636363636364,
    "auc": 0.8693181818181818
}