{
    "final_train_loss": 0.587285044330817,
    "best_val_loss": 0.4618520117723025,
    "epochs_trained": 17,
    "accuracy": 79.54545454545455,
    "auc": 0.8764204545454546
}