{
    "dataset": "pneumoniamnist",
    "final_train_loss": 0.6932854731082916,
    "best_val_loss": 0.6931332954589058,
    "epochs_trained": 6,
    "accuracy": 50.0,
    "auc": 0.5
}