{
    "final_train_loss": 0.6748797627595755,
    "best_val_loss": 0.6602319066341107,
    "epochs_trained": 7,
    "accuracy": 73.86363636363636,
    "auc": 0.7527117768595041
}