{
    "final_train_loss": 0.6919111907482147,
    "best_val_loss": 0.679931062918443,
    "epochs_trained": 10,
    "accuracy": 70.45454545454545,
    "auc": 0.7485795454545454
}