{
    "final_train_loss": 0.5619674248191027,
    "best_val_loss": 0.47680699481413913,
    "epochs_trained": 24,
    "accuracy": 78.4090909090909,
    "auc": 0.8747417355371901
}