{
    "final_train_loss": 0.5746681188161556,
    "best_val_loss": 0.49066640322025007,
    "epochs_trained": 7,
    "accuracy": 78.4090909090909,
    "auc": 0.8809400826446282
}