{
    "final_train_loss": 0.5389577601391535,
    "best_val_loss": 0.47483620506066543,
    "epochs_trained": 12,
    "accuracy": 80.68181818181817,
    "auc": 0.8596332644628099
}