{
    "final_train_loss": 0.6858139785436483,
    "best_val_loss": 0.6772284782849826,
    "epochs_trained": 14,
    "accuracy": 68.18181818181817,
    "auc": 0.7456095041322315
}