{
    "final_train_loss": 0.6774395571305202,
    "best_val_loss": 0.6679576727060171,
    "epochs_trained": 8,
    "accuracy": 76.13636363636364,
    "auc": 0.8699638429752067
}