{
    "final_train_loss": 0.6765827600772564,
    "best_val_loss": 0.6570053925881019,
    "epochs_trained": 9,
    "accuracy": 75.56818181818183,
    "auc": 0.8181818181818181
}