{
    "dataset": "retinamnist",
    "final_train_loss": 0.6934212702971239,
    "best_val_loss": 0.6931472099744357,
    "epochs_trained": 25,
    "accuracy": 50.0,
    "auc": 0.5
}