{
    "dataset": "retinamnist",
    "final_train_loss": 0.6932805817860823,
    "best_val_loss": 0.6931471824645996,
    "epochs_trained": 15,
    "accuracy": 50.0,
    "auc": 0.5
}